CPU %,Memory MB
10.6,6732.7421875
6.9,6783.5859375
