CPU %,Memory MB
8.2,7420.47265625
5.3,7431.62109375
6.5,7407.13671875
5.2,7437.73046875
