CPU %,Memory MB
6.2,6377.55859375
4.9,6427.3984375
5.2,6377.04296875
3.9,6393.0234375
