CPU %,Memory MB
3.5,6686.18359375
2.5,6738.50390625
